x_ngram,file_count
x143_x124_x125,3
x15_x14_x134,3
x145_x146_x147,2
x25_x8_x9,36
x24_x25_x8,35
x15_x14_x23,18
x140_x142_x101,50
x133_x12_x15,2
x12_x15_x137,58
x23_x24_x25,28
x134_x144_x145,2
x137_x143_x124,3
x144_x145_x146,2
x116_x141_x8,2
x149_x133_x12,2
x147_x148_x149,2
x15_x137_x143,8
x9_x12_x15,111
x125_x15_x14,46
x146_x147_x148,2
x8_x137_x140,60
x12_x15_x14,117
x148_x149_x133,2
x137_x140_x142,34
x142_x101_x9,21
x141_x8_x137,2
x101_x9_x12,33
x124_x125_x15,6
x14_x23_x24,28
x14_x134_x144,2
x3_x64_x20,176
x29_x10_x10,186
x6_x8_x5,181
x11_x1_x29,179
x11_x3_x64,144
x29_x10_x11,139
x1_x29_x10,172
x14_x50_x46,16
x49_x47_x228,22
x332_x233_x37,4
x11_x42_x270,10
x10_x11_x42,23
x7_x45_x46,30
x30_x24_x25,121
x43_x49_x14,26
x14_x15_x5,92
x15_x47_x228,24
x170_x9_x10,60
x49_x9_x10,23
x329_x309_x330,7
x42_x270_x230,11
x316_x15_x14,14
x334_x275_x10,11
x10_x10_x12,113
x114_x101_x14,42
x229_x334_x316,3
x5_x33_x168,7
x228_x229_x334,2
x214_x4_x14,16
x3_x66_x176,9
x46_x49_x47,19
x14_x15_x14,125
x154_x121_x170,52
x10_x10_x10,134
x14_x15_x47,30
x8_x14_x15,145
x6_x7_x8,148
x37_x45_x46,11
x121_x18_x7,136
x36_x226_x336,1
x3_x4_x14,105
x213_x214_x4,13
x7_x8_x47,35
x37_x7_x8,33
x49_x47_x36,30
x4_x14_x13,113
x274_x275_x12,1
x14_x13_x19,56
x15_x5_x1,55
x15_x9_x12,108
x14_x13_x8,135
x4_x47_x36,21
x66_x176_x121,15
x316_x13_x7,10
x13_x8_x14,128
x331_x316_x15,10
x46_x49_x9,10
x37_x8_x47,11
x230_x37_x7,28
x229_x229_x230,6
x229_x230_x49,19
x270_x230_x49,15
x47_x213_x214,18
x5_x1_x29,47
x229_x229_x229,4
x121_x170_x14,54
x33_x168_x121,9
x42_x240_x241,7
x36_x49_x95,13
x241_x43_x37,5
x56_x57_x7,89
x47_x228_x230,28
x36_x37_x45,13
x45_x46_x49,29
x270_x230_x37,7
x10_x12_x13,118
x36_x49_x14,30
x14_x15_x137,81
x11_x42_x274,6
x334_x316_x13,3
x13_x8_x47,14
x10_x105_x154,58
x233_x37_x7,8
x137_x332_x233,11
x15_x5_x3,75
x176_x121_x18,105
x230_x49_x9,13
x95_x154_x121,85
x8_x47_x228,16
x24_x25_x7,122
x4_x47_x213,5
x4_x9_x10,110
x9_x10_x105,81
x49_x14_x50,3
x15_x5_x42,20
x22_x4_x47,4
x228_x229_x229,5
x168_x121_x170,8
x15_x14_x15,116
x49_x14_x13,31
x7_x7_x84,101
x8_x9_x55,94
x227_x43_x49,11
x228_x230_x49,28
x333_x241_x43,6
x13_x7_x30,41
x7_x7_x45,30
x15_x47_x36,30
x15_x9_x10,134
x36_x49_x9,17
x121_x170_x9,37
x36_x37_x7,35
x9_x55_x56,34
x45_x333_x241,7
x297_x216_x49,2
x49_x9_x11,2
x11_x3_x66,23
x47_x228_x229,11
x5_x3_x4,122
x47_x36_x37,34
x226_x336_x337,1
x8_x47_x36,33
x16_x297_x216,2
x36_x49_x47,27
x7_x8_x5,125
x11_x21_x22,71
x21_x22_x4,48
x241_x270_x230,5
x47_x228_x334,10
x25_x7_x8,49
x37_x7_x7,37
x309_x330_x230,8
x47_x36_x226,1
x7_x30_x24,123
x45_x335_x230,21
x230_x37_x8,14
x46_x49_x14,27
x47_x331_x316,15
x105_x154_x121,68
x15_x137_x114,55
x3_x4_x9,100
x42_x274_x275,9
x4_x14_x15,105
x47_x36_x49,30
x50_x46_x49,15
x13_x19_x227,5
x230_x49_x47,20
x137_x114_x101,57
x15_x137_x332,7
x275_x10_x10,26
x335_x230_x49,17
x8_x5_x33,24
x170_x5_x3,9
x337_x230_x37,2
x336_x337_x230,1
x16_x176_x121,111
x43_x37_x7,24
x7_x45_x335,18
x57_x7_x7,96
x55_x56_x57,79
x240_x241_x270,2
x49_x95_x154,14
x14_x15_x9,140
x4_x47_x331,4
x12_x15_x5,54
x101_x14_x15,74
x7_x16_x176,132
x8_x14_x50,13
x230_x37_x45,8
x7_x7_x16,148
x170_x14_x15,65
x330_x230_x37,3
x7_x16_x297,2
x230_x49_x14,29
x49_x47_x213,8
x5_x42_x240,7
x228_x230_x37,23
x228_x334_x275,9
x216_x49_x14,12
x121_x170_x5,10
x275_x12_x15,6
x3_x4_x47,26
x10_x11_x21,74
x18_x7_x7,150
x49_x14_x15,31
x19_x227_x43,20
x7_x45_x333,10
x15_x14_x13,128
x7_x19_x20,149
x19_x20_x6,149
x9_x10_x55,135
x7_x7_x247,6
x258_x7_x7,7
x247_x257_x258,4
x20_x64_x20,36
x69_x22_x4,10
x104_x29_x10,55
x19_x69_x58,15
x20_x4_x9,58
x7_x16_x17,107
x7_x19_x69,35
x19_x20_x64,35
x20_x6_x19,48
x22_x4_x9,35
x16_x17_x18,105
x64_x20_x4,14
x7_x19_x104,82
x7_x247_x257,4
x17_x18_x7,108
x58_x29_x10,25
x19_x69_x22,29
x69_x58_x29,4
x257_x258_x7,4
x6_x19_x20,61
x19_x104_x29,64
x19_x20_x4,90
x25_x7_x7,134
x101_x14_x13,81
x7_x7_x30,132
x64_x104_x136,3
x4_x14_x183,7
x2_x3_x6,91
x182_x63_x13,30
x199_x199_x198,49
x4_x5_x1,62
x121_x18_x8,70
x301_x76_x22,31
x20_x4_x137,5
x14_x89_x87,17
x11_x33_x34,28
x131_x18_x7,61
x114_x54_x17,1
x26_x114_x101,22
x22_x6_x7,88
x114_x101_x9,34
x105_x208_x203,53
x10_x10_x26,26
x11_x38_x81,50
x4_x137_x114,9
x14_x183_x17,24
x168_x121_x18,9
x125_x13_x7,73
x66_x31_x125,56
x59_x281_x78,45
x6_x16_x176,18
x60_x6_x30,70
x101_x5_x1,5
x78_x253_x4,12
x95_x169_x76,30
x30_x207_x199,79
x29_x10_x55,49
x66_x17_x18,24
x176_x121_x48,4
x167_x10_x12,43
x17_x170_x14,45
x5_x1_x136,84
x136_x13_x7,81
x15_x95_x169,23
x30_x207_x198,14
x27_x28_x6,22
x95_x96_x170,42
x9_x105_x96,80
x10_x26_x114,15
x167_x10_x11,70
x14_x113_x20,47
x6_x8_x9,99
x12_x13_x16,66
x6_x8_x137,14
x18_x7_x19,16
x11_x1_x136,39
x31_x32_x10,35
x137_x138_x63,34
x6_x7_x19,58
x13_x16_x176,39
x167_x26_x140,32
x6_x30_x207,58
x15_x137_x140,41
x11_x33_x78,58
x2_x1_x2,49
x81_x28_x4,12
x25_x8_x14,49
x154_x121_x18,87
x59_x60_x4,84
x8_x83_x59,84
x78_x76_x65,10
x207_x142_x25,30
x2_x21_x58,74
x253_x4_x14,10
x28_x4_x9,19
x113_x20_x4,17
x138_x167_x10,71
x60_x6_x8,78
x105_x96_x18,79
x76_x22_x4,53
x9_x105_x154,74
x33_x78_x302,31
x20_x64_x104,3
x80_x21_x68,2
x136_x13_x8,61
x17_x18_x16,14
x5_x1_x2,67
x32_x10_x11,12
x9_x10_x12,109
x10_x10_x55,90
x13_x8_x9,104
x96_x18_x8,71
x84_x87_x60,70
x62_x80_x21,1
x22_x64_x20,6
x207_x199_x199,80
x3_x6_x16,26
x2_x3_x64,29
x5_x3_x64,29
x19_x102_x39,7
x105_x154_x186,27
x94_x315_x146,1
x9_x11_x21,43
x10_x26_x140,27
x30_x62_x167,66
x30_x24_x101,78
x182_x63_x15,20
x170_x14_x13,91
x48_x20_x4,1
x207_x199_x198,7
x199_x198_x74,42
x78_x94_x315,1
x9_x11_x1,67
x54_x17_x170,1
x6_x19_x104,24
x78_x253_x6,71
x78_x94_x29,5
x11_x21_x58,27
x142_x101_x14,53
x96_x18_x7,88
x58_x2_x3,46
x20_x4_x5,43
x13_x8_x137,24
x22_x4_x5,54
x20_x6_x8,79
x32_x10_x10,69
x301_x253_x4,6
x18_x16_x301,1
x199_x182_x167,45
x60_x6_x7,86
x8_x5_x21,62
x63_x15_x14,29
x13_x30_x207,31
x24_x101_x9,32
x104_x2_x21,29
x15_x14_x113,24
x9_x12_x183,18
x65_x22_x64,1
x8_x95_x146,43
x96_x170_x9,65
x208_x203_x167,53
x65_x22_x6,52
x4_x9_x12,79
x3_x6_x19,51
x7_x84_x87,70
x7_x8_x137,84
x125_x13_x8,60
x28_x6_x8,21
x182_x167_x10,51
x13_x16_x17,65
x10_x10_x105,41
x207_x198_x131,13
x83_x59_x174,54
x38_x100_x25,14
x60_x6_x16,21
x302_x78_x253,47
x64_x20_x64,6
x33_x78_x94,4
x253_x66_x17,13
x186_x32_x10,23
x87_x60_x6,76
x29_x12_x15,40
x207_x182_x63,12
x19_x104_x2,52
x95_x146_x32,36
x87_x60_x4,52
x16_x176_x186,13
x29_x105_x96,3
x15_x95_x96,57
x21_x22_x6,89
x30_x207_x142,35
x174_x136_x13,74
x12_x183_x17,20
x13_x8_x5,63
x18_x8_x9,87
x76_x65_x65,39
x10_x55_x59,89
x10_x11_x38,62
x78_x253_x66,42
x1_x136_x15,79
x56_x82_x9,17
x8_x14_x89,15
x169_x76_x65,23
x7_x19_x106,32
x1_x2_x21,70
x15_x9_x105,58
x176_x186_x32,12
x15_x137_x138,68
x12_x15_x9,95
x100_x25_x8,4
x17_x18_x8,72
x8_x9_x105,86
x30_x62_x80,3
x82_x9_x10,13
x114_x25_x7,70
x95_x96_x18,81
x183_x17_x18,35
x6_x16_x301,8
x137_x114_x25,71
x198_x131_x18,51
x170_x9_x12,72
x102_x39_x182,4
x105_x96_x170,61
x301_x76_x65,23
x24_x101_x5,5
x60_x64_x20,17
x62_x167_x10,44
x78_x302_x78,31
x15_x9_x11,80
x65_x65_x22,38
x199_x199_x182,50
x253_x6_x7,73
x154_x186_x32,24
x24_x101_x14,72
x81_x28_x6,45
x7_x8_x95,104
x26_x140_x142,64
x59_x60_x6,86
x101_x9_x10,35
x78_x76_x22,42
x6_x7_x30,37
x16_x31_x32,51
x83_x59_x60,70
x18_x30_x62,33
x74_x121_x18,16
x7_x16_x31,69
x55_x59_x60,86
x199_x199_x142,68
x16_x301_x253,35
x30_x207_x182,33
x59_x60_x64,24
x281_x78_x94,2
x104_x136_x13,31
x142_x25_x7,78
x140_x142_x25,52
x281_x78_x76,43
x83_x56_x57,29
x11_x1_x2,92
x16_x31_x125,68
x10_x105_x208,56
x55_x56_x82,33
x6_x8_x14,94
x29_x12_x13,66
x55_x59_x174,83
x7_x30_x62,53
x1_x29_x12,33
x8_x83_x56,29
x13_x7_x16,60
x121_x48_x20,2
x8_x137_x114,64
x2_x21_x22,67
x137_x138_x167,77
x138_x63_x13,25
x60_x4_x95,12
x7_x19_x102,16
x63_x13_x30,1
x31_x125_x13,78
x11_x38_x100,14
x7_x30_x207,77
x104_x29_x105,3
x10_x12_x15,105
x167_x10_x10,86
x62_x167_x26,20
x199_x198_x131,15
x94_x29_x12,3
x203_x167_x10,71
x137_x140_x198,36
x7_x16_x301,55
x174_x136_x15,27
x137_x114_x54,3
x199_x142_x25,66
x137_x27_x28,22
x19_x104_x136,48
x16_x301_x76,38
x63_x13_x8,16
x59_x174_x136,79
x33_x34_x18,40
x315_x146_x32,5
x18_x7_x8,90
x104_x29_x12,24
x3_x66_x31,57
x58_x2_x1,41
x140_x198_x131,38
x22_x6_x8,82
x21_x68_x78,51
x12_x13_x8,94
x136_x15_x14,74
x8_x95_x96,70
x106_x168_x121,5
x198_x74_x121,45
x57_x7_x8,21
x60_x4_x5,72
x10_x11_x33,68
x146_x32_x10,58
x5_x3_x66,65
x4_x95_x96,15
x55_x59_x281,76
x8_x5_x1,80
x136_x15_x9,62
x76_x65_x22,15
x7_x8_x83,89
x60_x4_x14,83
x39_x182_x63,3
x9_x55_x59,83
x16_x301_x302,10
x12_x15_x95,50
x121_x18_x30,46
x89_x87_x60,19
x10_x55_x56,77
x6_x30_x24,74
x301_x302_x78,13
x8_x137_x27,15
x6_x7_x84,37
x19_x106_x168,6
x34_x18_x8,60
x21_x58_x2,59
x38_x81_x28,49
x4_x137_x138,7
x5_x21_x58,28
x9_x10_x26,30
x2_x1_x29,21
x14_x13_x16,70
x1_x2_x3,88
x68_x78_x253,47
x29_x11_x1,23
x1_x29_x11,28
x29_x11_x3,37
x40_x361_x29,6
x18_x30_x24,29
x158_x203_x167,53
x13_x19_x20,57
x19_x104_x315,13
x167_x11_x303,1
x34_x18_x7,56
x33_x250_x192,51
x154_x163_x121,6
x15_x9_x55,41
x315_x169_x253,1
x18_x16_x176,73
x26_x140_x199,15
x121_x18_x16,71
x59_x174_x29,69
x137_x140_x40,2
x253_x6_x30,53
x2_x21_x68,47
x174_x2_x3,34
x61_x207_x199,9
x10_x105_x96,49
x203_x167_x26,3
x59_x174_x2,77
x104_x2_x33,3
x66_x31_x32,44
x9_x12_x23,16
x24_x103_x20,5
x83_x59_x281,15
x183_x31_x32,15
x32_x11_x1,55
x6_x16_x17,24
x29_x10_x12,28
x169_x253_x6,17
x57_x8_x9,9
x174_x2_x21,67
x106_x250_x192,6
x12_x183_x31,7
x137_x140_x199,33
x163_x158_x203,52
x63_x15_x9,22
x31_x32_x11,57
x113_x69_x65,2
x154_x163_x163,55
x1_x2_x33,54
x2_x33_x250,46
x250_x192_x3,11
x103_x20_x6,7
x94_x29_x10,7
x79_x63_x15,3
x163_x163_x158,53
x7_x84_x85,18
x104_x315_x169,1
x28_x6_x7,63
x30_x411_x28,29
x5_x21_x65,7
x4_x9_x105,20
x12_x23_x24,12
x253_x61_x207,1
x23_x24_x103,2
x114_x103_x20,1
x21_x65_x22,10
x21_x58_x136,43
x13_x30_x62,24
x16_x17_x170,72
x210_x59_x60,16
x253_x66_x31,39
x12_x13_x19,41
x22_x6_x16,4
x20_x4_x14,50
x9_x105_x169,17
x26_x114_x103,1
x174_x29_x12,54
x304_x60_x6,10
x9_x26_x114,32
x163_x121_x170,9
x192_x3_x6,16
x9_x26_x140,58
x2_x21_x70,3
x1_x136_x13,68
x140_x182_x63,22
x361_x29_x10,12
x58_x136_x13,33
x250_x192_x21,47
x281_x34_x18,66
x59_x281_x34,64
x411_x28_x6,25
x14_x15_x95,73
x19_x106_x250,7
x8_x9_x26,65
x102_x100_x101,2
x140_x199_x199,29
x33_x78_x253,51
x138_x167_x11,4
x18_x8_x14,59
x11_x21_x68,12
x5_x33_x34,10
x140_x199_x198,6
x104_x29_x11,11
x15_x95_x146,28
x7_x30_x411,26
x26_x140_x182,39
x105_x154_x163,53
x14_x13_x30,48
x32_x10_x12,28
x85_x57_x8,1
x11_x3_x61,6
x174_x210_x59,6
x192_x21_x22,56
x19_x102_x100,2
x104_x2_x1,21
x3_x61_x24,4
x8_x14_x113,49
x70_x79_x63,1
x69_x65_x22,9
x60_x4_x9,70
x69_x58_x2,10
x6_x16_x31,9
x176_x121_x170,35
x60_x4_x137,9
x14_x113_x69,4
x78_x253_x61,1
x100_x101_x14,11
x15_x83_x59,33
x105_x169_x302,6
x59_x174_x210,5
x13_x7_x19,67
x11_x303_x304,6
x84_x85_x57,24
x303_x304_x60,5
x12_x15_x83,14
x8_x95_x154,71
x142_x25_x8,34
x15_x137_x27,13
x103_x20_x4,2
x6_x8_x83,9
x61_x24_x25,8
x140_x40_x361,4
x169_x302_x78,17
x13_x30_x24,21
x21_x70_x79,2
x42_x264_x261,2
x3_x290_x260,2
x47_x254_x329,20
x329_x121_x18,9
x19_x227_x270,6
x227_x270_x229,3
x9_x35_x36,12
x15_x9_x35,9
x213_x289_x29,4
x36_x49_x5,11
x229_x230_x37,10
x170_x47_x213,4
x42_x242_x329,5
x331_x275_x10,16
x230_x49_x5,12
x46_x37_x7,24
x95_x154_x309,18
x37_x45_x333,2
x5_x3_x290,2
x242_x329_x121,9
x5_x42_x43,24
x47_x331_x275,18
x170_x47_x36,15
x42_x43_x37,15
x37_x8_x9,9
x264_x261_x74,2
x330_x230_x49,6
x309_x216_x49,17
x11_x42_x43,17
x37_x16_x17,6
x50_x384_x275,3
x227_x43_x37,17
x42_x43_x49,25
x290_x260_x558,2
x384_x275_x10,10
x50_x384_x316,2
x7_x19_x227,18
x17_x170_x47,3
x114_x101_x47,2
x216_x49_x47,7
x216_x49_x9,5
x261_x74_x309,2
x260_x558_x337,2
x46_x37_x16,2
x13_x45_x46,20
x15_x14_x50,13
x254_x329_x309,9
x121_x170_x47,22
x384_x316_x15,4
x316_x15_x47,4
x121_x18_x45,3
x275_x11_x3,4
x37_x8_x14,17
x4_x47_x228,11
x214_x4_x47,9
x337_x229_x230,2
x35_x36_x49,16
x241_x43_x49,17
x85_x57_x7,27
x89_x85_x57,4
x14_x50_x384,3
x558_x337_x229,2
x46_x37_x8,4
x154_x309_x216,14
x14_x89_x85,3
x14_x13_x45,26
x8_x47_x331,13
x11_x42_x264,2
x101_x47_x36,6
x43_x37_x45,5
x47_x213_x289,4
x289_x29_x10,5
x18_x45_x333,2
x333_x214_x4,8
x15_x47_x254,9
x275_x10_x11,4
x49_x5_x42,11
x329_x121_x170,24
x45_x46_x37,22
x36_x37_x8,11
x5_x42_x242,5
x45_x333_x214,8
x270_x229_x230,11
x74_x309_x216,2
x334_x275_x11,2
x56_x82_x14,20
x9_x105_x146,41
x82_x14_x15,6
x138_x167_x12,27
x96_x18_x30,3
x21_x65_x58,6
x40_x28_x6,8
x137_x143_x131,9
x4_x14_x113,6
x76_x22_x66,1
x23_x123_x77,1
x146_x32_x11,9
x105_x146_x32,50
x33_x250_x125,13
x161_x114_x25,5
x31_x125_x15,36
x57_x8_x14,6
x60_x6_x19,15
x301_x253_x6,29
x76_x22_x64,1
x11_x21_x65,10
x77_x76_x22,1
x8_x14_x23,48
x22_x265_x87,2
x5_x38_x39,3
x250_x125_x13,9
x13_x16_x31,49
x174_x29_x10,30
x140_x182_x80,3
x138_x167_x26,15
x26_x140_x40,8
x75_x302_x78,3
x66_x17_x170,15
x182_x197_x146,18
x167_x12_x13,47
x113_x20_x6,48
x8_x5_x38,8
x146_x192_x21,11
x182_x80_x3,6
x143_x131_x18,5
x199_x199_x40,7
x20_x66_x176,5
x140_x182_x197,15
x20_x4_x95,7
x63_x13_x7,47
x95_x146_x192,9
x140_x40_x28,5
x56_x57_x8,17
x136_x15_x95,3
x14_x23_x123,6
x76_x22_x265,1
x13_x7_x84,20
x8_x137_x138,50
x12_x113_x20,19
x80_x3_x6,7
x138_x63_x15,14
x31_x161_x114,4
x66_x301_x76,5
x65_x58_x2,3
x176_x75_x302,1
x8_x95_x169,36
x183_x17_x170,5
x39_x182_x197,5
x22_x66_x31,2
x9_x12_x113,23
x253_x6_x8,20
x16_x31_x161,3
x18_x16_x31,6
x19_x20_x66,6
x32_x12_x15,22
x163_x121_x18,32
x58_x2_x21,8
x16_x176_x75,7
x163_x163_x121,34
x125_x15_x9,22
x38_x39_x182,3
x199_x199_x199,9
x123_x77_x76,2
x146_x125_x15,23
x3_x66_x301,4
x199_x40_x361,2
x104_x2_x3,24
x199_x182_x63,14
x146_x32_x12,17
x265_x87_x60,13
x62_x80_x3,5
x197_x146_x125,14
x6_x8_x95,20
x13_x19_x104,30
x136_x15_x137,10
x174_x29_x11,5
x65_x22_x4,10
x26_x114_x25,30
x146_x125_x13,42
x121_x48_x104,2
x13_x8_x95,32
x100_x25_x7,16
x199_x182_x80,4
x69_x22_x6,26
x15_x5_x33,11
x95_x154_x186,12
x55_x59_x97,41
x30_x24_x206,5
x94_x136_x15,5
x13_x8_x83,19
x18_x8_x95,8
x3_x4_x137,11
x12_x23_x62,2
x207_x40_x28,1
x59_x97_x22,30
x95_x154_x163,14
x15_x95_x154,41
x12_x113_x69,3
x4_x9_x55,10
x170_x137_x114,4
x206_x207_x199,5
x198_x77_x94,2
x39_x199_x199,15
x34_x170_x137,1
x96_x170_x14,39
x77_x94_x136,2
x171_x87_x60,38
x6_x7_x16,40
x136_x15_x83,1
x31_x192_x1,4
x16_x31_x192,17
x95_x169_x253,16
x95_x146_x125,34
x74_x121_x171,30
x41_x22_x6,4
x30_x62_x63,28
x154_x121_x48,1
x4_x137_x143,1
x23_x62_x167,7
x101_x5_x3,5
x62_x167_x12,29
x25_x8_x137,2
x62_x63_x13,19
x32_x10_x55,21
x140_x198_x77,3
x183_x176_x121,43
x6_x30_x62,15
x2_x1_x136,30
x101_x83_x59,3
x25_x16_x17,10
x104_x136_x15,36
x199_x40_x41,1
x58_x136_x15,29
x114_x25_x16,3
x38_x39_x199,7
x15_x14_x89,4
x192_x1_x2,2
x97_x22_x6,22
x8_x14_x183,50
x113_x69_x22,3
x142_x101_x83,3
x24_x206_x207,3
x121_x171_x87,37
x30_x207_x40,5
x80_x3_x66,3
x48_x104_x136,1
x182_x167_x12,22
x281_x34_x170,11
x11_x38_x39,7
x14_x13_x84,22
x40_x41_x22,1
x167_x12_x15,41
x10_x12_x23,10
x14_x183_x176,41
x124_x125_x13,3
x123_x124_x125,2
x538_x517_x263,1
x176_x163_x163,36
x528_x538_x517,1
x7_x407_x528,2
x517_x263_x374,1
x7_x7_x407,17
x374_x123_x124,1
x16_x176_x163,40
x407_x528_x538,1
x263_x374_x123,1
x117_x14_x13,9
x153_x215_x216,3
x203_x139_x143,2
x9_x10_x35,11
x8_x9_x35,7
x10_x12_x183,14
x247_x277_x343,3
x10_x35_x36,10
x36_x51_x46,4
x173_x37_x8,4
x146_x364_x313,3
x272_x307_x273,3
x8_x95_x159,2
x56_x82_x137,5
x123_x74_x163,3
x57_x7_x16,5
x143_x74_x163,2
x31_x32_x35,3
x163_x121_x191,4
x335_x229_x230,11
x34_x18_x16,4
x56_x310_x62,3
x23_x123_x124,3
x8_x83_x175,5
x177_x324_x321,2
x74_x163_x163,2
x173_x37_x16,4
x35_x36_x37,9
x53_x206_x123,2
x52_x203_x167,8
x167_x35_x36,3
x215_x216_x37,4
x95_x159_x156,2
x10_x55_x224,8
x277_x343_x418,3
x10_x105_x146,31
x12_x183_x52,3
x229_x230_x51,5
x37_x7_x16,3
x191_x17_x18,6
x172_x491_x230,3
x163_x186_x32,3
x143_x131_x191,3
x31_x153_x215,3
x321_x362_x73,2
x16_x176_x158,9
x57_x16_x176,4
x251_x36_x37,3
x158_x73_x72,2
x72_x203_x139,2
x57_x19_x20,3
x16_x31_x153,5
x32_x10_x35,3
x183_x52_x203,3
x83_x175_x173,6
x9_x55_x175,5
x230_x51_x46,5
x176_x163_x186,3
x159_x156_x177,2
x186_x32_x12,12
x173_x37_x7,10
x343_x418_x258,3
x313_x258_x7,3
x73_x124_x32,3
x55_x175_x491,3
x273_x258_x7,3
x191_x52_x203,3
x88_x43_x37,5
x62_x167_x35,3
x51_x46_x37,4
x163_x309_x216,3
x83_x59_x88,4
x62_x251_x36,3
x72_x53_x206,2
x52_x203_x251,3
x53_x101_x47,3
x364_x313_x258,3
x7_x247_x272,3
x170_x9_x35,3
x123_x124_x32,3
x36_x51_x256,3
x55_x56_x310,5
x310_x62_x251,3
x32_x35_x36,3
x350_x460_x46,3
x418_x258_x7,3
x37_x45_x335,11
x131_x191_x52,3
x55_x224_x225,6
x156_x177_x324,2
x251_x36_x51,3
x163_x158_x73,3
x225_x460_x46,3
x175_x173_x37,10
x7_x16_x52,18
x59_x88_x43,5
x26_x143_x77,2
x224_x225_x460,3
x105_x146_x364,3
x206_x123_x74,2
x77_x253_x6,6
x7_x84_x172,5
x216_x37_x7,12
x256_x350_x460,3
x10_x55_x175,5
x10_x10_x35,6
x45_x335_x229,14
x56_x219_x227,3
x84_x172_x491,3
x124_x32_x10,8
x10_x12_x89,5
x362_x73_x72,2
x56_x57_x16,7
x121_x191_x17,5
x52_x73_x124,3
x12_x89_x172,3
x16_x52_x73,4
x158_x53_x101,9
x183_x176_x309,4
x12_x183_x176,9
x82_x137_x143,3
x163_x163_x186,5
x163_x163_x163,3
x10_x35_x228,5
x9_x11_x33,24
x143_x77_x253,2
x55_x175_x173,6
x176_x163_x309,3
x32_x12_x13,27
x247_x272_x307,3
x55_x56_x219,4
x176_x163_x121,6
x89_x172_x173,3
x74_x163_x158,3
x16_x17_x191,10
x17_x170_x9,47
x491_x230_x37,3
x31_x32_x12,19
x85_x57_x19,3
x175_x491_x230,3
x167_x26_x143,2
x57_x30_x62,3
x139_x143_x74,2
x73_x72_x53,2
x172_x173_x37,5
x73_x72_x203,2
x51_x256_x350,3
x18_x16_x17,12
x47_x36_x51,4
x307_x273_x258,3
x35_x228_x230,7
x460_x46_x37,4
x176_x158_x53,3
x203_x251_x36,3
x7_x247_x277,3
x176_x309_x216,6
x324_x321_x362,2
x219_x227_x43,3
x309_x216_x37,12
x56_x57_x30,4
x17_x191_x17,3
x4_x9_x11,20
x18_x19_x20,10
x60_x4_x83,6
x207_x199_x142,20
x16_x52_x53,10
x24_x25_x16,6
x137_x140_x182,19
x140_x199_x142,7
x10_x55_x211,26
x29_x55_x59,16
x281_x34_x191,1
x87_x281_x34,6
x143_x77_x76,1
x140_x182_x167,20
x1_x2_x38,7
x18_x7_x16,9
x82_x14_x13,16
x2_x33_x34,23
x5_x21_x22,55
x191_x176_x121,5
x211_x300_x10,9
x52_x53_x25,10
x25_x16_x176,3
x65_x65_x70,2
x125_x15_x137,5
x23_x207_x199,22
x15_x5_x21,18
x34_x191_x176,1
x64_x104_x2,2
x198_x77_x253,3
x2_x38_x100,3
x13_x19_x69,4
x136_x13_x19,5
x5_x21_x68,7
x199_x198_x77,2
x121_x18_x19,6
x65_x70_x39,1
x1_x29_x105,6
x137_x143_x77,3
x84_x87_x281,9
x154_x75_x302,1
x97_x22_x4,9
x1_x2_x1,34
x1_x29_x55,6
x199_x142_x101,26
x60_x64_x104,7
x167_x10_x55,21
x105_x154_x75,9
x25_x7_x16,5
x77_x76_x65,2
x70_x39_x199,1
x191_x17_x170,2
x26_x140_x198,6
x300_x10_x55,2
x142_x25_x16,5
x14_x23_x207,21
x55_x211_x300,13
x53_x25_x7,18
x4_x83_x59,7
x22_x4_x14,42
x5_x3_x61,5
x74_x121_x191,1
x95_x169_x302,15
x96_x191_x31,2
x31_x192_x21,15
x66_x31_x161,2
x163_x158_x53,9
x158_x53_x25,7
x9_x26_x27,10
x174_x2_x1,13
x55_x211_x217,10
x123_x74_x158,3
x87_x174_x29,6
x5_x38_x100,6
x84_x87_x174,11
x13_x30_x411,10
x59_x97_x58,16
x217_x15_x14,4
x53_x25_x30,2
x25_x8_x5,4
x60_x6_x84,4
x97_x58_x2,5
x211_x217_x13,12
x97_x58_x29,9
x25_x30_x62,2
x12_x13_x30,26
x191_x31_x32,4
x62_x167_x11,6
x95_x154_x158,3
x77_x302_x78,2
x411_x28_x64,2
x28_x64_x20,3
x19_x69_x65,8
x53_x101_x14,8
x7_x30_x123,13
x2_x3_x66,7
x121_x122_x24,2
x211_x217_x15,3
x26_x138_x167,21
x26_x27_x28,10
x65_x58_x29,5
x167_x11_x1,4
x176_x121_x122,2
x18_x84_x87,8
x74_x158_x53,2
x17_x18_x84,4
x27_x28_x4,10
x154_x158_x203,3
x2_x3_x4,46
x9_x26_x138,12
x114_x25_x8,27
x95_x96_x191,3
x30_x123_x74,9
x122_x24_x101,3
x15_x5_x38,3
x217_x13_x7,8
x143_x77_x302,2
x441_x214_x6,4
x13_x45_x335,14
x228_x229_x230,9
x228_x441_x214,3
x441_x241_x43,4
x4_x95_x154,17
x334_x316_x15,6
x113_x227_x270,3
x227_x270_x334,2
x7_x45_x384,6
x43_x49_x5,5
x47_x228_x441,6
x14_x113_x227,6
x13_x7_x45,9
x49_x5_x21,5
x336_x233_x37,2
x228_x441_x241,5
x270_x334_x316,2
x12_x13_x45,4
x3_x4_x95,17
x9_x35_x254,4
x7_x30_x336,4
x30_x336_x233,4
x154_x309_x330,5
x45_x384_x275,7
x35_x254_x329,5
x9_x35_x228,5
x170_x47_x228,7
x254_x329_x121,17
x45_x384_x316,5
x49_x5_x3,14
x214_x6_x7,8
x384_x316_x13,3
x37_x19_x227,4
x46_x37_x19,2
x43_x37_x8,10
x101_x95_x96,5
x301_x94_x136,3
x169_x76_x22,21
x38_x79_x167,2
x11_x38_x79,3
x23_x24_x101,16
x18_x7_x30,13
x19_x106_x34,17
x28_x6_x19,6
x62_x63_x15,17
x203_x167_x12,19
x310_x207_x198,1
x170_x9_x55,4
x57_x8_x137,1
x56_x310_x207,2
x33_x34_x170,14
x3_x61_x411,2
x131_x18_x8,7
x158_x203_x139,1
x61_x411_x361,3
x24_x101_x95,7
x16_x301_x94,5
x12_x13_x84,12
x203_x139_x114,1
x106_x34_x18,15
x13_x16_x301,12
x411_x361_x29,8
x13_x84_x87,17
x14_x23_x411,4
x23_x411_x28,5
x139_x114_x25,3
x29_x105_x146,5
x83_x59_x97,4
x34_x170_x9,13
x94_x136_x13,3
x79_x167_x10,8
x136_x183_x31,2
x97_x65_x22,4
x2_x42_x43,2
x55_x59_x88,2
x1_x136_x183,2
x59_x97_x65,5
x8_x5_x42,13
x32_x11_x21,1
x5_x1_x210,5
x2_x21_x65,4
x13_x7_x247,1
x58_x2_x42,1
x96_x18_x16,5
x3_x64_x104,4
x210_x175_x173,1
x1_x210_x175,1
x4_x5_x42,6
x163_x186_x153,2
x153_x96_x170,2
x186_x153_x96,1
x16_x17_x122,3
x105_x154_x158,1
x64_x104_x29,8
x176_x121_x191,2
x407_x116_x141,13
x15_x14_x183,28
x15_x83_x56,5
x105_x169_x76,14
x7_x407_x116,13
x20_x6_x30,5
x171_x85_x57,3
x146_x32_x105,2
x176_x163_x158,7
x4_x5_x21,13
x122_x24_x25,3
x27_x99_x34,1
x14_x15_x83,23
x121_x171_x85,3
x169_x253_x4,5
x99_x34_x18,3
x281_x78_x253,8
x17_x122_x24,3
x21_x68_x34,11
x125_x15_x83,2
x16_x52_x203,6
x142_x101_x95,3
x116_x141_x7,14
x137_x27_x99,2
x32_x105_x154,2
x154_x158_x53,1
x95_x96_x171,2
x68_x34_x18,8
x96_x171_x87,4
x170_x9_x105,2
x141_x7_x7,14
x17_x18_x30,10
x78_x302_x168,1
x54_x17_x18,5
x123_x74_x121,5
x12_x23_x207,11
x63_x15_x137,4
x250_x125_x15,7
x38_x100_x101,10
x140_x142_x54,5
x15_x9_x26,16
x68_x78_x302,1
x14_x113_x104,23
x64_x69_x22,3
x33_x266_x203,1
x104_x29_x26,3
x80_x1_x2,1
x98_x140_x142,3
x169_x302_x250,1
x302_x250_x125,2
x5_x33_x266,1
x23_x207_x198,2
x142_x54_x17,2
x182_x80_x1,2
x10_x26_x138,10
x13_x84_x85,7
x554_x304_x60,3
x7_x19_x554,3
x26_x138_x63,4
x113_x104_x29,19
x60_x66_x17,4
x11_x33_x250,16
x104_x315_x96,6
x19_x554_x304,3
x64_x69_x58,1
x60_x265_x87,6
x3_x6_x30,16
x411_x361_x2,2
x4_x95_x169,2
x266_x203_x167,1
x29_x26_x140,7
x136_x15_x5,2
x315_x96_x18,10
x59_x60_x66,9
x59_x60_x265,6
x168_x121_x171,1
x302_x168_x121,1
x3_x64_x69,1
x58_x98_x140,1
x21_x58_x98,2
x106_x250_x125,2
x6_x30_x411,3
x22_x4_x95,2
x361_x2_x21,3
x30_x411_x361,7
x315_x96_x170,5
x3_x61_x207,5
x105_x208_x53,6
x18_x8_x83,3
x58_x29_x12,12
x176_x158_x203,6
x9_x105_x208,13
x22_x6_x30,2
x34_x18_x30,4
x80_x3_x4,2
x74_x121_x170,13
x21_x58_x29,24
x211_x300_x11,2
x32_x11_x3,15
x208_x53_x101,3
x207_x182_x167,15
x5_x33_x78,11
x136_x113_x20,5
x83_x56_x82,8
x58_x315_x96,3
x21_x58_x315,3
x68_x78_x94,3
x113_x104_x136,11
x234_x39_x199,3
x59_x234_x39,8
x12_x113_x104,12
x1_x136_x113,3
x300_x11_x1,1
x55_x59_x234,11
x310_x207_x199,1
x7_x407_x129,1
x129_x130_x131,1
x407_x129_x130,1
x130_x131_x18,2
x17_x170_x137,6
x7_x45_x256,4
x49_x47_x331,11
x154_x186_x125,17
x240_x241_x43,5
x440_x329_x121,5
x227_x240_x241,2
x240_x214_x6,3
x15_x95_x215,2
x121_x170_x137,4
x215_x216_x49,2
x8_x47_x254,10
x235_x270_x229,1
x27_x235_x270,3
x332_x233_x49,8
x170_x137_x332,1
x121_x170_x95,7
x137_x27_x235,4
x233_x49_x47,2
x6_x45_x46,3
x46_x49_x95,1
x228_x440_x329,6
x316_x13_x8,2
x331_x316_x13,6
x15_x47_x213,11
x289_x29_x12,1
x137_x332_x337,2
x27_x235_x43,2
x241_x240_x214,3
x332_x337_x230,1
x256_x329_x121,6
x3_x6_x45,4
x19_x227_x240,2
x170_x95_x154,7
x240_x241_x240,2
x45_x256_x329,9
x95_x215_x216,3
x46_x49_x5,12
x235_x43_x37,2
x47_x228_x440,7
x186_x125_x15,10
x170_x137_x27,2
x227_x270_x230,4
x76_x22_x6,25
x14_x183_x31,25
x101_x9_x105,4
x411_x28_x4,9
x64_x20_x66,1
x191_x31_x125,3
x55_x231_x311,1
x17_x191_x31,2
x170_x95_x146,2
x6_x84_x87,7
x103_x104_x136,1
x27_x361_x2,2
x131_x170_x95,1
x75_x94_x29,2
x231_x311_x103,1
x104_x315_x146,4
x3_x66_x17,22
x198_x131_x170,10
x10_x55_x231,1
x167_x105_x96,3
x26_x27_x361,4
x10_x26_x27,5
x183_x31_x125,17
x28_x4_x14,13
x361_x2_x33,1
x311_x103_x104,1
x154_x75_x94,3
x40_x99_x34,1
x182_x167_x105,3
x87_x281_x78,4
x28_x6_x84,1
x174_x29_x55,1
x207_x40_x99,2
x304_x174_x136,1
x12_x113_x106,2
x58_x29_x26,5
x169_x94_x29,4
x55_x59_x317,4
x105_x208_x67,4
x29_x12_x113,4
x11_x38_x71,1
x140_x142_x103,2
x62_x167_x105,5
x59_x317_x304,3
x9_x11_x38,4
x167_x105_x146,3
x56_x219_x69,1
x208_x67_x361,2
x71_x131_x18,4
x105_x146_x125,16
x4_x95_x146,3
x219_x69_x22,1
x361_x136_x13,7
x121_x18_x84,4
x154_x163_x158,7
x38_x71_x131,2
x142_x103_x106,1
x103_x106_x168,1
x317_x304_x174,2
x97_x58_x136,5
x34_x170_x14,16
x113_x106_x34,2
x67_x361_x136,2
x83_x56_x219,1
x10_x105_x169,9
x105_x169_x94,2
x4_x83_x56,2
x58_x98_x138,2
x63_x113_x20,1
x154_x163_x75,3
x302_x250_x161,1
x281_x78_x302,2
x104_x210_x59,4
x138_x63_x113,1
x138_x197_x96,2
x98_x138_x197,1
x131_x170_x9,6
x253_x6_x19,2
x281_x250_x32,5
x208_x53_x103,1
x78_x302_x250,2
x250_x161_x114,1
x17_x170_x5,5
x10_x11_x303,2
x197_x96_x170,6
x53_x103_x20,1
x146_x192_x1,1
x19_x102_x71,1
x105_x146_x192,3
x60_x61_x24,6
x59_x281_x250,6
x102_x71_x131,1
x163_x75_x302,1
x170_x5_x1,3
x250_x32_x10,6
x19_x104_x210,4
x69_x58_x98,1
x61_x24_x101,4
x59_x60_x61,12
x21_x22_x66,1
x192_x1_x136,1
x384_x275_x12,2
x37_x45_x256,2
x335_x230_x37,11
x230_x37_x19,3
x36_x49_x137,6
x101_x5_x42,1
x534_x329_x121,2
x114_x101_x5,1
x214_x4_x9,2
x43_x49_x47,11
x336_x233_x49,3
x14_x23_x336,1
x49_x137_x114,4
x168_x309_x216,2
x37_x7_x19,3
x20_x4_x47,4
x13_x45_x333,3
x336_x534_x329,1
x37_x19_x20,3
x36_x37_x19,2
x46_x49_x137,4
x233_x49_x14,8
x23_x336_x233,1
x30_x336_x534,1
x33_x168_x309,2
x11_x3_x265,4
x125_x15_x5,8
x167_x11_x3,7
x136_x23_x24,5
x182_x167_x11,4
x76_x58_x29,6
x207_x199_x182,8
x3_x265_x87,3
x1_x136_x23,5
x302_x34_x18,6
x169_x76_x58,3
x70_x100_x25,3
x5_x21_x70,2
x29_x10_x105,5
x106_x34_x171,2
x18_x8_x5,14
x21_x70_x100,2
x140_x199_x182,6
x301_x302_x34,1
x34_x171_x87,2
x43_x49_x9,6
x43_x37_x19,1
x21_x239_x240,1
x223_x42_x270,1
x45_x384_x413,1
x119_x431_x18,1
x8_x118_x119,1
x21_x239_x274,3
x361_x136_x15,2
x5_x42_x274,5
x274_x275_x10,10
x240_x289_x2,1
x239_x240_x289,2
x12_x15_x47,12
x274_x275_x35,3
x98_x332_x233,1
x431_x18_x7,3
x275_x35_x228,3
x7_x8_x118,2
x27_x361_x136,3
x47_x331_x223,4
x11_x33_x168,4
x113_x104_x98,1
x15_x47_x331,10
x11_x42_x240,4
x104_x98_x332,1
x5_x21_x239,3
x37_x45_x384,2
x96_x170_x47,3
x331_x223_x42,2
x84_x172_x173,2
x235_x270_x230,2
x4_x137_x27,3
x413_x154_x186,1
x118_x119_x431,1
x384_x413_x154,1
x239_x274_x275,4
x289_x2_x42,1
x13_x30_x336,1
x137_x27_x361,7
x19_x102_x79,5
x154_x75_x76,3
x75_x76_x22,2
x28_x4_x83,1
x102_x79_x167,4
x79_x167_x26,2
x76_x65_x58,3
x84_x85_x82,3
x98_x138_x167,2
x125_x13_x16,5
x1_x98_x138,2
x57_x8_x5,1
x82_x9_x105,2
x323_x59_x60,5
x3_x4_x83,4
x85_x82_x9,2
x3_x6_x84,5
x30_x62_x323,4
x48_x104_x2,1
x60_x61_x207,3
x95_x154_x75,6
x65_x58_x136,5
x62_x323_x59,3
x2_x1_x98,1
x64_x106_x78,3
x146_x161_x114,1
x183_x176_x163,2
x60_x66_x31,1
x17_x18_x19,7
x182_x197_x96,16
x304_x60_x4,2
x18_x7_x84,8
x106_x78_x253,10
x33_x250_x32,9
x113_x104_x2,8
x95_x146_x161,1
x28_x64_x106,1
x81_x28_x64,1
x18_x19_x69,2
x253_x6_x16,2
x9_x11_x303,2
x31_x32_x105,3
x176_x75_x76,3
x69_x65_x58,1
x20_x66_x31,3
x6_x19_x69,5
x32_x105_x96,4
x4_x14_x23,2
x16_x52_x67,1
x52_x67_x28,1
x18_x45_x46,1
x96_x18_x45,1
x67_x28_x6,4
x75_x76_x65,6
x14_x23_x62,12
x132_x383_x114,1
x349_x506_x434,1
x133_x355_x132,1
x13_x84_x299,1
x299_x217_x15,1
x84_x299_x217,1
x23_x62_x63,3
x355_x132_x383,1
x383_x114_x25,1
x358_x349_x506,1
x462_x133_x355,1
x410_x358_x349,1
x506_x434_x462,1
x434_x462_x133,1
x183_x410_x358,1
x63_x13_x84,1
x12_x183_x410,1
x432_x399_x431,1
x121_x432_x399,1
x399_x431_x170,1
x431_x170_x14,1
x38_x39_x142,2
x168_x163_x163,2
x142_x54_x176,3
x54_x176_x121,5
x21_x22_x64,5
x39_x142_x25,4
x1_x98_x140,1
x4_x137_x140,11
x6_x30_x123,4
x123_x131_x18,8
x68_x250_x192,1
x300_x12_x13,4
x33_x168_x163,2
x167_x10_x105,4
x30_x123_x131,9
x21_x68_x250,2
x211_x300_x12,4
x5_x1_x98,3
x106_x78_x302,2
x75_x76_x58,1
x31_x192_x3,4
x125_x13_x30,2
x105_x146_x153,1
x146_x153_x146,1
x113_x69_x58,2
x10_x12_x113,11
x19_x106_x78,11
x153_x146_x125,1
x79_x63_x13,1
x250_x32_x11,3
x30_x24_x103,4
x20_x6_x16,9
x197_x96_x18,16
x136_x13_x30,2
x174_x2_x33,7
x38_x79_x63,2
x398_x340_x142,1
x41_x22_x4,2
x449_x398_x340,1
x7_x407_x449,1
x340_x142_x25,2
x407_x449_x398,1
x57_x16_x17,3
x2_x33_x78,11
x82_x5_x3,3
x104_x136_x113,1
x170_x14_x23,2
x87_x174_x2,5
x32_x105_x169,1
x62_x80_x1,2
x56_x82_x5,5
x22_x6_x19,5
x23_x62_x80,4
x80_x1_x136,4
x207_x182_x197,17
x105_x208_x73,2
x249_x13_x7,1
x208_x73_x131,1
x60_x305_x248,1
x248_x249_x13,1
x59_x60_x305,1
x37_x8_x5,4
x73_x131_x18,3
x6_x19_x227,3
x305_x248_x249,1
x78_x302_x34,4
x68_x34_x191,4
x62_x323_x56,2
x102_x39_x199,6
x101_x95_x169,4
x300_x10_x10,3
x208_x203_x63,4
x167_x105_x169,4
x138_x80_x3,1
x34_x191_x31,2
x65_x65_x58,5
x137_x138_x80,3
x192_x21_x58,4
x16_x17_x171,3
x154_x121_x171,9
x203_x63_x13,5
x9_x55_x211,1
x323_x56_x57,2
x203_x167_x105,2
x17_x171_x87,4
x274_x316_x13,1
x59_x88_x274,1
x88_x274_x316,1
x361_x315_x154,1
x178_x59_x174,1
x207_x40_x361,2
x19_x104_x98,3
x27_x361_x315,2
x183_x301_x76,8
x4_x9_x26,2
x16_x31_x178,4
x234_x39_x142,2
x98_x114_x101,1
x104_x98_x114,2
x29_x26_x138,1
x18_x19_x104,3
x315_x146_x125,4
x315_x154_x121,4
x14_x183_x301,10
x96_x18_x19,3
x31_x178_x59,4
x196_x60_x6,4
x183_x301_x253,2
x78_x94_x2,2
x22_x64_x104,1
x78_x253_x64,4
x186_x125_x13,11
x8_x95_x208,2
x253_x64_x20,5
x9_x105_x209,1
x95_x208_x203,1
x123_x74_x186,1
x209_x196_x60,1
x208_x53_x25,4
x94_x2_x3,4
x74_x186_x125,2
x105_x209_x196,1
x301_x253_x66,5
x40_x28_x64,1
x170_x9_x11,8
x194_x60_x6,6
x106_x78_x76,4
x105_x353_x546,1
x40_x28_x4,3
x9_x105_x353,1
x206_x193_x194,1
x63_x13_x19,1
x136_x13_x16,6
x546_x457_x6,1
x207_x199_x40,2
x24_x206_x193,1
x13_x19_x106,6
x281_x168_x121,1
x74_x75_x76,1
x199_x40_x28,6
x183_x17_x171,1
x198_x74_x75,2
x140_x198_x74,2
x59_x281_x168,1
x411_x361_x136,3
x353_x546_x457,1
x457_x6_x7,1
x193_x194_x60,5
x29_x11_x33,3
x56_x237_x301,1
x12_x89_x87,2
x82_x9_x12,3
x65_x70_x100,1
x170_x137_x138,4
x102_x79_x63,1
x174_x136_x113,2
x9_x12_x89,5
x300_x10_x12,3
x136_x113_x104,2
x63_x15_x95,2
x82_x5_x1,3
x300_x11_x3,1
x70_x100_x101,1
x65_x65_x65,2
x55_x56_x237,1
x237_x301_x302,1
x174_x136_x23,1
x29_x26_x114,2
x131_x170_x14,4
x103_x106_x78,1
x101_x137_x114,4
x142_x101_x137,3
x24_x103_x106,1
x60_x64_x69,2
x21_x58_x210,5
x176_x121_x171,9
x5_x33_x250,12
x58_x210_x59,5
x2_x38_x81,2
x98_x27_x598,1
x194_x60_x4,1
x197_x146_x32,5
x200_x194_x60,1
x207_x142_x101,14
x169_x302_x34,2
x170_x95_x96,7
x199_x142_x103,1
x58_x29_x55,2
x17_x170_x95,4
x87_x174_x136,4
x30_x207_x200,1
x27_x598_x304,1
x174_x98_x27,1
x207_x200_x194,1
x105_x169_x253,8
x304_x97_x22,1
x59_x174_x98,1
x142_x103_x20,2
x598_x304_x97,1
x12_x183_x301,2
x169_x253_x66,4
x101_x9_x11,8
x255_x196_x60,4
x224_x225_x18,4
x182_x197_x169,1
x14_x183_x52,1
x7_x16_x255,3
x58_x29_x11,5
x181_x182_x197,1
x25_x16_x31,2
x16_x255_x196,4
x60_x66_x301,3
x225_x18_x7,2
x52_x181_x182,1
x106_x34_x170,3
x183_x52_x181,1
x105_x96_x171,2
x197_x169_x253,1
x171_x87_x174,4
x253_x66_x176,1
x170_x5_x21,3
x253_x4_x9,13
x40_x328_x100,2
x16_x301_x385,1
x23_x207_x142,5
x20_x61_x207,3
x27_x328_x100,1
x62_x167_x55,3
x167_x55_x59,6
x142_x101_x5,5
x82_x137_x138,2
x199_x40_x328,1
x19_x20_x61,4
x301_x385_x100,1
x66_x301_x253,3
x13_x16_x52,3
x39_x142_x101,1
x328_x100_x25,2
x198_x74_x186,1
x167_x26_x138,1
x385_x100_x25,1
x253_x66_x301,2
x301_x302_x250,1
x26_x27_x328,1
x328_x100_x101,1
x34_x170_x5,1
x233_x51_x335,1
x274_x275_x26,1
x335_x229_x334,3
x11_x38_x585,3
x11_x21_x239,6
x49_x14_x113,1
x409_x36_x49,3
x239_x43_x49,5
x16_x176_x309,4
x21_x239_x43,5
x329_x309_x216,7
x275_x26_x332,1
x19_x227_x242,2
x42_x270_x229,7
x49_x5_x1,3
x214_x6_x8,6
x337_x230_x49,3
x331_x409_x36,3
x49_x137_x332,6
x47_x331_x409,3
x332_x233_x51,1
x49_x95_x96,2
x49_x9_x12,10
x8_x47_x213,11
x227_x242_x329,3
x49_x14_x183,1
x5_x42_x270,9
x585_x337_x230,1
x213_x214_x6,8
x4_x47_x254,6
x229_x334_x275,3
x38_x585_x337,1
x26_x332_x233,1
x51_x335_x230,2
x167_x105_x208,1
x113_x104_x315,2
x15_x95_x208,1
x24_x54_x31,2
x104_x315_x154,4
x55_x224_x252,2
x95_x208_x53,2
x28_x66_x17,1
x30_x24_x54,6
x87_x174_x210,1
x85_x82_x14,2
x121_x48_x106,1
x48_x106_x78,1
x54_x31_x125,2
x1_x315_x154,1
x252_x253_x6,1
x81_x28_x66,1
x20_x6_x84,1
x315_x154_x163,2
x2_x1_x315,2
x30_x123_x124,1
x224_x252_x253,1
x176_x75_x94,1
x25_x19_x227,1
x170_x47_x331,5
x270_x334_x275,1
x338_x101_x14,2
x441_x351_x168,1
x227_x274_x275,4
x49_x47_x254,3
x42_x240_x214,3
x37_x7_x45,3
x275_x11_x21,1
x214_x4_x5,1
x13_x45_x256,4
x170_x5_x42,3
x47_x366_x338,1
x213_x241_x270,4
x214_x4_x95,2
x19_x227_x274,3
x75_x94_x2,1
x351_x168_x121,1
x270_x441_x351,1
x274_x275_x11,1
x47_x213_x241,11
x42_x270_x334,1
x240_x214_x4,4
x114_x25_x19,1
x15_x47_x366,4
x43_x49_x137,2
x334_x275_x12,2
x366_x338_x101,2
x241_x270_x441,2
x167_x12_x183,2
x8_x118_x470,3
x470_x374_x207,2
x17_x122_x62,2
x63_x15_x47,2
x374_x207_x182,2
x316_x13_x16,2
x118_x470_x374,2
x122_x62_x63,2
x13_x8_x118,3
x441_x416_x239,1
x513_x275_x10,2
x8_x137_x143,4
x216_x37_x45,1
x332_x513_x275,1
x416_x239_x43,1
x50_x335_x230,1
x331_x275_x35,3
x233_x49_x95,1
x143_x74_x121,2
x137_x143_x74,2
x239_x43_x37,1
x137_x332_x513,2
x51_x46_x49,3
x96_x170_x5,2
x75_x253_x4,8
x230_x49_x137,1
x270_x441_x416,1
x275_x35_x36,2
x213_x241_x43,6
x256_x329_x75,1
x329_x75_x253,3
x14_x50_x335,4
x167_x26_x27,1
x169_x94_x2,3
x78_x94_x136,1
x210_x59_x174,3
x265_x87_x281,1
x95_x169_x94,6
x198_x204_x196,1
x196_x60_x4,2
x32_x26_x140,4
x167_x11_x38,1
x204_x196_x60,1
x140_x198_x204,1
x1_x210_x59,7
x94_x2_x21,2
x186_x32_x26,2
x18_x30_x207,7
x68_x168_x158,1
x112_x13_x8,1
x111_x112_x13,1
x59_x245_x111,1
x301_x76_x68,1
x168_x158_x203,1
x245_x111_x112,1
x55_x59_x245,1
x76_x68_x168,1
x24_x101_x137,3
x207_x198_x74,3
x211_x280_x3,3
x100_x206_x207,1
x125_x13_x19,1
x13_x16_x255,1
x234_x79_x167,3
x234_x100_x206,1
x59_x234_x79,3
x186_x32_x55,2
x55_x211_x280,6
x32_x55_x59,6
x140_x40_x328,1
x2_x38_x39,2
x40_x361_x2,1
x59_x234_x100,2
x39_x199_x198,1
x280_x3_x6,3
x539_x117_x14,2
x118_x470_x117,2
x332_x552_x539,2
x137_x332_x552,2
x552_x539_x117,2
x470_x117_x137,2
x117_x137_x332,2
x154_x75_x244,1
x270_x440_x329,1
x75_x244_x240,2
x28_x4_x47,2
x275_x10_x12,3
x37_x30_x62,1
x42_x270_x440,1
x213_x241_x264,1
x335_x440_x329,2
x47_x254_x221,1
x518_x350_x170,1
x45_x335_x440,4
x608_x63_x13,1
x154_x309_x518,2
x558_x534_x329,1
x563_x608_x63,1
x6_x45_x335,4
x221_x216_x37,2
x228_x563_x608,1
x50_x46_x37,2
x36_x37_x30,1
x333_x543_x81,1
x264_x558_x534,1
x170_x47_x254,2
x350_x170_x47,2
x244_x240_x241,2
x45_x333_x543,1
x543_x81_x28,1
x440_x329_x309,2
x309_x518_x350,1
x241_x264_x558,2
x440_x329_x75,1
x253_x4_x47,3
x49_x137_x27,2
x216_x37_x8,2
x20_x6_x45,1
x35_x228_x563,1
x254_x221_x216,1
x309_x518_x329,2
x22_x6_x45,1
x518_x329_x309,1
x137_x332_x93,1
x154_x75_x253,10
x366_x567_x28,1
x186_x192_x3,3
x338_x25_x7,1
x45_x335_x563,2
x154_x186_x192,3
x50_x333_x416,1
x37_x8_x95,2
x332_x93_x241,1
x35_x331_x316,1
x93_x241_x43,1
x335_x563_x338,1
x567_x28_x4,2
x333_x416_x22,1
x47_x366_x567,1
x563_x338_x25,1
x14_x50_x333,1
x10_x35_x331,2
x253_x4_x95,2
x416_x22_x4,2
x440_x350_x170,3
x270_x563_x558,1
x241_x270_x563,1
x563_x558_x93,1
x214_x6_x45,2
x46_x37_x45,2
x333_x241_x270,1
x228_x440_x350,2
x242_x329_x309,2
x176_x75_x253,2
x558_x93_x241,1
x93_x241_x242,1
x350_x170_x14,6
x241_x242_x329,2
x6_x45_x333,1
x410_x358_x431,1
x449_x347_x398,1
x7_x16_x410,3
x16_x410_x358,1
x512_x138_x197,1
x347_x398_x130,1
x96_x432_x449,1
x432_x449_x347,1
x358_x431_x18,1
x197_x96_x432,1
x398_x130_x131,1
x113_x20_x61,1
x176_x186_x125,2
x183_x31_x192,2
x83_x211_x217,3
x8_x83_x211,3
x192_x1_x210,1
x104_x29_x55,6
x158_x73_x131,1
x210_x59_x281,3
x20_x61_x24,2
x35_x228_x229,3
x38_x585_x233,2
x113_x227_x43,3
x229_x229_x334,1
x221_x216_x49,1
x12_x113_x227,1
x337_x334_x275,1
x45_x335_x334,3
x332_x337_x334,1
x223_x42_x242,1
x47_x228_x563,2
x242_x221_x216,1
x13_x30_x123,1
x228_x563_x558,1
x65_x239_x240,1
x563_x558_x233,2
x21_x65_x239,2
x558_x233_x37,2
x49_x9_x35,3
x585_x233_x49,2
x335_x334_x316,1
x240_x289_x29,1
x42_x242_x221,1
x116_x141_x30,1
x141_x30_x24,1
x129_x269_x197,1
x53_x25_x8,1
x353_x358_x433,1
x470_x117_x14,2
x203_x197_x353,1
x24_x415_x85,1
x386_x381_x433,1
x146_x161_x138,1
x269_x197_x146,1
x433_x53_x25,1
x161_x138_x473,1
x134_x129_x269,1
x381_x433_x203,1
x14_x134_x129,1
x197_x353_x358,1
x473_x470_x117,2
x415_x85_x57,1
x138_x473_x470,1
x197_x146_x161,1
x358_x433_x53,1
x30_x24_x415,2
x433_x203_x197,1
x124_x32_x12,1
x87_x60_x64,2
x198_x124_x32,9
x199_x198_x124,5
x7_x30_x193,1
x30_x193_x194,2
x153_x96_x18,3
x174_x136_x183,3
x280_x21_x68,2
x253_x4_x5,2
x125_x23_x411,2
x224_x252_x76,1
x211_x280_x21,3
x301_x94_x29,2
x31_x125_x23,2
x66_x31_x153,1
x113_x102_x39,2
x252_x76_x22,1
x183_x301_x94,1
x28_x265_x87,2
x81_x28_x265,2
x136_x183_x301,1
x31_x153_x96,3
x14_x113_x102,2
x250_x32_x12,5
x163_x75_x253,2
x167_x26_x114,3
x75_x253_x6,10
x361_x29_x12,3
x68_x78_x76,1
x250_x32_x105,1
x12_x23_x411,2
x101_x9_x55,5
x33_x78_x76,2
x23_x411_x361,1
x140_x198_x124,6
x163_x163_x75,1
x3_x64_x106,2
x50_x256_x350,1
x299_x300_x12,1
x14_x50_x256,2
x256_x350_x170,1
x300_x12_x15,1
x470_x141_x7,1
x118_x470_x141,1
x33_x34_x122,2
x5_x1_x315,5
x79_x167_x12,2
x82_x9_x55,1
x1_x315_x96,5
x140_x182_x139,3
x361_x29_x11,4
x24_x206_x24,2
x139_x140_x40,1
x234_x39_x182,3
x206_x24_x25,3
x217_x13_x8,5
x182_x197_x154,2
x34_x122_x24,1
x34_x18_x84,1
x138_x167_x105,2
x197_x154_x186,2
x39_x182_x80,1
x182_x139_x140,1
x167_x105_x154,1
x40_x361_x136,1
x96_x170_x95,5
x174_x315_x154,2
x61_x62_x323,1
x59_x174_x315,3
x87_x60_x61,1
x61_x411_x28,3
x22_x61_x62,1
x21_x22_x61,2
x18_x8_x137,2
x169_x94_x136,1
x78_x76_x58,2
x138_x167_x55,2
x131_x18_x16,1
x22_x61_x411,2
x68_x168_x163,1
x27_x361_x29,4
x21_x68_x168,1
x137_x114_x206,3
x20_x66_x17,1
x64_x106_x34,1
x206_x24_x101,1
x114_x206_x24,1
x2_x38_x79,1
x25_x7_x30,1
x113_x20_x66,1
x136_x183_x17,2
x323_x59_x174,1
x38_x79_x323,1
x79_x323_x59,1
x112_x15_x14,1
x441_x241_x270,2
x14_x50_x260,1
x42_x270_x441,2
x260_x608_x167,1
x50_x335_x229,3
x50_x260_x558,1
x330_x229_x230,2
x7_x45_x260,2
x366_x558_x233,2
x558_x233_x49,2
x29_x35_x36,1
x441_x214_x4,3
x608_x167_x10,1
x45_x260_x608,1
x260_x558_x233,1
x270_x441_x214,3
x309_x330_x229,2
x49_x47_x366,1
x214_x4_x137,1
x106_x168_x309,1
x1_x29_x35,1
x168_x309_x330,1
x47_x366_x558,2
x6_x19_x106,3
x170_x14_x183,4
x482_x279_x170,1
x8_x118_x464,1
x183_x31_x161,1
x73_x291_x216,1
x524_x482_x279,1
x238_x285_x262,1
x285_x262_x358,1
x358_x400_x153,1
x346_x263_x117,1
x263_x117_x14,1
x400_x153_x96,1
x320_x14_x13,1
x279_x170_x14,1
x161_x143_x346,1
x14_x89_x238,1
x89_x238_x285,1
x257_x320_x14,1
x262_x358_x400,1
x464_x524_x482,1
x143_x346_x263,1
x291_x216_x469,1
x31_x161_x143,1
x433_x73_x291,1
x118_x464_x524,1
x216_x469_x257,1
x469_x257_x320,1
x117_x14_x89,1
x240_x241_x264,2
x241_x264_x608,1
x81_x361_x29,1
x35_x228_x334,2
x13_x45_x384,3
x264_x608_x167,1
x335_x441_x241,1
x228_x334_x316,2
x38_x81_x361,1
x45_x335_x441,2
x608_x167_x11,1
x167_x11_x42,1
x235_x242_x350,1
x44_x227_x270,1
x409_x228_x230,1
x567_x235_x242,1
x230_x51_x335,1
x335_x334_x275,2
x43_x49_x95,2
x228_x230_x44,1
x242_x350_x170,2
x335_x563_x558,1
x49_x95_x169,1
x335_x230_x51,2
x5_x42_x264,1
x233_x37_x8,1
x331_x275_x11,2
x274_x409_x228,1
x42_x274_x409,1
x42_x264_x567,1
x230_x51_x384,1
x230_x44_x227,1
x264_x567_x235,1
x51_x384_x275,2
x4_x9_x35,3
x105_x353_x263,1
x11_x1_x315,2
x302_x250_x32,1
x263_x117_x9,1
x10_x105_x353,2
x61_x207_x142,2
x30_x411_x41,2
x174_x2_x38,1
x411_x41_x22,2
x117_x9_x12,2
x353_x263_x117,1
x12_x113_x102,1
x100_x25_x16,1
x353_x354_x133,1
x7_x407_x144,2
x133_x355_x119,1
x115_x116_x141,1
x355_x119_x431,1
x354_x133_x10,1
x431_x122_x24,1
x8_x14_x134,1
x144_x112_x134,1
x112_x134_x144,1
x144_x133_x355,1
x591_x513_x275,1
x105_x353_x354,1
x407_x144_x112,2
x24_x115_x116,1
x133_x10_x12,1
x122_x24_x115,1
x134_x116_x141,2
x275_x10_x105,1
x14_x134_x116,1
x119_x431_x122,1
x134_x144_x133,1
x24_x54_x17,3
x23_x24_x54,1
x375_x101_x14,1
x95_x353_x506,1
x24_x54_x410,1
x410_x354_x145,1
x54_x410_x354,2
x354_x145_x96,1
x353_x506_x375,1
x145_x96_x18,1
x506_x375_x101,1
x228_x563_x567,1
x337_x441_x241,1
x264_x558_x337,2
x558_x337_x441,1
x21_x239_x270,2
x233_x49_x9,2
x50_x256_x329,1
x239_x270_x230,2
x441_x241_x240,1
x235_x43_x49,1
x335_x440_x350,1
x411_x235_x43,1
x335_x229_x229,2
x12_x50_x46,1
x254_x329_x75,3
x10_x12_x50,1
x329_x75_x244,1
x563_x567_x28,1
x23_x411_x235,1
x137_x27_x41,2
x203_x80_x21,2
x170_x83_x59,3
x250_x178_x59,1
x178_x59_x60,4
x32_x11_x38,1
x138_x80_x33,1
x158_x203_x80,2
x113_x102_x100,1
x69_x58_x136,3
x41_x58_x2,2
x83_x59_x317,1
x80_x33_x250,1
x27_x41_x58,1
x121_x170_x83,1
x33_x250_x178,1
x250_x32_x55,1
x21_x70_x81,1
x199_x198_x72,2
x8_x137_x437,1
x70_x81_x28,1
x62_x197_x96,4
x96_x191_x301,1
x206_x62_x167,1
x191_x301_x76,2
x114_x101_x137,2
x89_x85_x82,1
x437_x194_x60,1
x198_x72_x73,1
x174_x315_x96,1
x72_x73_x131,1
x105_x96_x191,1
x30_x62_x197,6
x114_x206_x62,1
x137_x437_x194,1
x4_x5_x33,4
x182_x139_x114,3
x361_x2_x3,1
x102_x81_x28,3
x19_x102_x81,3
x317_x304_x60,2
x47_x254_x350,2
x49_x95_x215,1
x228_x334_x223,1
x558_x337_x230,1
x223_x3_x6,1
x113_x227_x242,1
x227_x264_x558,1
x329_x158_x53,1
x19_x227_x264,1
x256_x329_x158,2
x350_x170_x9,1
x334_x223_x3,1
x254_x350_x170,2
x281_x266_x53,1
x37_x30_x207,1
x253_x4_x137,2
x46_x37_x30,1
x139_x138_x167,2
x125_x113_x104,2
x31_x125_x113,1
x266_x53_x25,1
x138_x139_x138,2
x59_x281_x266,1
x137_x138_x139,2
x203_x63_x15,4
x192_x3_x4,3
x57_x30_x207,1
x146_x125_x23,1
x207_x199_x92,1
x57_x8_x95,2
x30_x62_x139,1
x12_x89_x85,2
x125_x23_x24,2
x62_x139_x114,1
x138_x323_x59,2
x139_x114_x101,1
x25_x7_x19,5
x58_x136_x113,1
x250_x32_x26,1
x92_x233_x37,1
x58_x2_x33,4
x199_x92_x233,1
x98_x138_x323,1
x301_x76_x58,2
x191_x301_x253,1
x17_x48_x20,2
x315_x154_x75,2
x304_x281_x78,2
x208_x67_x28,2
x100_x101_x9,3
x17_x191_x301,2
x24_x101_x83,1
x554_x304_x281,2
x16_x17_x48,2
x234_x100_x101,1
x83_x59_x234,2
x48_x20_x6,3
x373_x117_x14,3
x23_x411_x99,1
x411_x99_x34,2
x24_x25_x84,1
x154_x121_x191,2
x25_x7_x84,1
x512_x138_x167,1
x101_x95_x146,2
x101_x9_x26,1
x25_x84_x87,2
x114_x101_x95,2
x70_x79_x167,3
x34_x191_x17,2
x55_x211_x512,1
x211_x512_x138,1
x121_x191_x31,1
x82_x14_x113,1
x141_x8_x14,1
x372_x373_x141,2
x373_x141_x8,1
x30_x372_x373,2
x329_x309_x588,2
x121_x460_x46,1
x154_x121_x460,1
x47_x213_x416,1
x213_x241_x242,1
x213_x416_x22,1
x309_x588_x275,3
x588_x275_x10,3
x361_x315_x146,1
x1_x315_x146,4
x137_x114_x415,1
x415_x87_x60,2
x114_x54_x176,2
x114_x415_x87,1
x386_x459_x398,1
x459_x398_x434,1
x398_x434_x373,1
x434_x373_x117,1
x407_x116_x117,1
x116_x117_x9,1
x101_x83_x56,1
x18_x30_x411,2
x21_x22_x265,1
x13_x7_x407,2
x1_x29_x26,1
x95_x209_x296,1
x15_x95_x209,1
x75_x94_x136,1
x209_x296_x57,1
x315_x154_x186,1
x296_x57_x7,1
x182_x167_x26,2
x113_x106_x78,1
x30_x123_x77,2
x40_x41_x58,1
x68_x34_x170,1
x140_x40_x41,1
x114_x206_x207,1
x22_x4_x137,2
x139_x114_x54,1
x483_x363_x152,1
x363_x152_x72,1
x152_x72_x181,1
x123_x131_x483,1
x72_x181_x199,1
x354_x112_x134,1
x199_x182_x139,1
x131_x483_x363,1
x112_x134_x116,1
x114_x54_x410,1
x410_x354_x112,1
x181_x199_x182,1
x25_x19_x20,2
x191_x52_x53,1
x121_x191_x52,1
x122_x207_x199,1
x52_x53_x101,1
x192_x33_x250,1
x158_x67_x28,1
x197_x146_x192,1
x34_x122_x207,1
x315_x146_x192,1
x176_x158_x67,1
x53_x101_x9,2
x142_x25_x19,2
x66_x31_x192,2
x9_x26_x437,1
x146_x192_x33,1
x14_x113_x106,2
x225_x18_x8,2
x12_x23_x123,1
x197_x154_x121,2
x18_x30_x193,1
x113_x106_x250,1
x62_x197_x154,1
x23_x123_x74,1
x146_x125_x113,2
x136_x23_x207,1
x300_x10_x11,1
x11_x1_x210,2
x94_x29_x105,1
x101_x95_x154,2
x4_x14_x89,2
x99_x168_x121,1
x17_x191_x176,4
x40_x99_x168,1
x2_x38_x71,1
x17_x170_x83,2
x178_x59_x97,1
x24_x415_x87,1
x65_x68_x78,1
x21_x65_x68,1
x31_x32_x55,2
x98_x114_x25,2
x124_x32_x55,1
x1_x98_x114,1
x118_x356_x375,1
x375_x25_x7,1
x174_x29_x105,2
x170_x137_x140,1
x15_x118_x356,1
x69_x68_x34,1
x54_x31_x32,1
x25_x16_x301,1
x29_x105_x154,3
x356_x375_x25,1
x19_x69_x68,1
x131_x170_x137,1
x61_x207_x182,1
x60_x61_x411,2
x114_x54_x31,1
x14_x15_x118,1
x32_x11_x33,1
x7_x407_x399,1
x136_x13_x84,2
x54_x176_x163,1
x407_x399_x431,1
x399_x431_x18,1
x198_x124_x125,3
x167_x11_x33,1
x399_x549_x588,1
x24_x25_x407,2
x24_x54_x176,1
x60_x61_x123,1
x66_x176_x163,2
x25_x407_x399,1
x549_x588_x275,1
x61_x123_x131,1
x101_x14_x113,2
x407_x399_x549,1
x101_x137_x138,3
x53_x206_x62,1
x62_x473_x470,1
x52_x53_x206,1
x206_x62_x473,1
x66_x176_x158,1
x66_x52_x203,1
x6_x16_x255,1
x203_x80_x3,2
x196_x281_x34,1
x55_x175_x218,1
x255_x196_x317,1
x196_x317_x304,1
x255_x196_x281,1
x80_x21_x65,1
x218_x214_x66,1
x146_x32_x55,2
x186_x32_x11,2
x52_x203_x80,1
x21_x65_x65,2
x214_x66_x52,1
x175_x218_x214,1
x31_x32_x26,1
x317_x405_x57,1
x2_x33_x168,2
x76_x58_x2,2
x405_x57_x7,1
x33_x168_x75,2
x168_x75_x76,1
x59_x317_x405,1
x59_x234_x81,1
x301_x94_x2,1
x81_x28_x61,1
x28_x61_x24,1
x411_x28_x66,1
x301_x641_x304,1
x28_x66_x176,1
x234_x81_x28,1
x94_x2_x1,1
x16_x301_x641,1
x641_x304_x60,2
x28_x4_x5,2
x142_x25_x84,1
x57_x407_x129,1
x25_x84_x85,1
x129_x375_x206,1
x407_x129_x375,1
x375_x206_x24,1
x85_x57_x407,1
x121_x191_x176,1
x27_x41_x22,2
x304_x174_x2,3
x171_x299_x217,1
x26_x27_x41,1
x598_x304_x174,1
x4_x5_x38,1
x121_x171_x299,1
x94_x29_x55,1
x299_x217_x13,1
x38_x81_x598,1
x39_x182_x167,2
x81_x598_x304,1
x335_x441_x289,1
x331_x223_x33,1
x406_x289_x29,1
x13_x16_x297,1
x440_x221_x216,1
x441_x289_x29,1
x176_x309_x588,1
x366_x608_x167,1
x42_x242_x350,1
x47_x366_x608,1
x223_x33_x168,1
x335_x440_x221,1
x608_x167_x12,1
x6_x7_x45,1
x16_x297_x406,1
x297_x406_x289,1
x11_x42_x242,1
x58_x2_x38,1
x186_x192_x21,1
x105_x146_x178,1
x99_x78_x76,1
x27_x99_x78,1
x169_x253_x64,1
x25_x30_x207,2
x68_x250_x32,1
x146_x178_x59,1
x30_x411_x99,1
x99_x34_x170,1
x142_x25_x30,1
x375_x25_x30,1
x25_x30_x123,1
x129_x375_x25,1
x123_x77_x253,1
x62_x197_x146,1
x146_x125_x134,1
x134_x129_x375,1
x125_x134_x129,1
x158_x203_x63,5
x5_x38_x81,3
x186_x192_x1,1
x29_x11_x21,2
x5_x38_x79,1
x163_x186_x192,1
x192_x1_x315,1
x182_x167_x55,2
x141_x16_x17,1
x263_x141_x16,1
x16_x410_x263,1
x410_x263_x141,1
x146_x192_x3,1
x23_x207_x182,1
x21_x65_x70,1
x19_x20_x265,2
x20_x265_x87,1
x65_x70_x79,1
x37_x8_x137,1
x244_x242_x329,1
x33_x78_x244,1
x24_x101_x47,1
x136_x15_x47,3
x78_x244_x242,1
x335_x440_x522,1
x35_x331_x275,1
x440_x522_x32,1
x331_x275_x12,1
x522_x32_x10,1
x59_x97_x70,1
x97_x70_x100,1
x24_x25_x30,1
x223_x1_x295,1
x331_x223_x1,1
x75_x244_x270,1
x275_x35_x254,1
x1_x295_x36,1
x113_x227_x274,1
x295_x36_x49,1
x10_x35_x254,1
x35_x254_x350,1
x244_x270_x230,1
x207_x198_x124,1
x61_x24_x206,1
x137_x138_x323,1
x15_x83_x175,1
x611_x57_x7,1
x528_x611_x57,1
x407_x528_x611,1
x21_x526_x304,1
x14_x113_x554,1
x2_x21_x526,1
x113_x554_x304,1
x56_x219_x20,1
x219_x20_x66,1
x60_x66_x176,3
x125_x15_x95,3
x526_x304_x60,1
x96_x191_x17,1
x138_x80_x1,1
x87_x60_x66,2
x63_x15_x5,1
x98_x138_x63,1
x104_x98_x138,1
x45_x46_x51,2
x329_x186_x32,1
x518_x329_x186,1
x4_x14_x50,1
x406_x214_x6,1
x275_x10_x26,1
x329_x309_x406,1
x309_x406_x214,1
x46_x51_x384,1
x329_x309_x518,1
x256_x329_x309,1
x15_x118_x132,1
x35_x366_x338,1
x144_x112_x15,1
x112_x15_x118,1
x118_x132_x112,1
x132_x112_x13,1
x112_x13_x7,1
x372_x381_x431,1
x30_x372_x381,1
x431_x170_x95,1
x381_x431_x170,1
x7_x30_x372,2
x267_x373_x117,1
x396_x133_x12,1
x129_x340_x199,1
x282_x396_x133,1
x198_x72_x267,1
x16_x410_x282,1
x72_x267_x373,1
x133_x12_x13,1
x340_x199_x198,1
x410_x282_x396,1
x66_x301_x302,1
x140_x182_x323,1
x182_x323_x59,1
x78_x76_x70,1
x23_x123_x131,1
x70_x39_x142,1
x76_x70_x39,1
x123_x131_x170,1
x183_x176_x186,1
x186_x125_x113,1
x29_x105_x208,1
x124_x32_x105,1
x234_x71_x131,1
x125_x113_x20,2
x168_x163_x158,1
x59_x234_x71,1
x329_x186_x125,2
x75_x385_x71,1
x256_x329_x186,1
x168_x186_x125,1
x332_x513_x316,1
x385_x71_x74,1
x71_x74_x121,1
x158_x73_x74,1
x588_x275_x12,1
x73_x74_x121,2
x329_x75_x385,1
x513_x316_x15,1
x106_x168_x186,1
x154_x309_x588,1
x329_x158_x73,1
x281_x250_x125,1
x52_x73_x131,1
x73_x131_x170,1
x170_x95_x169,1
x124_x153_x154,1
x153_x154_x75,1
x198_x124_x153,1
x62_x63_x183,1
x63_x183_x17,1
x10_x55_x574,1
x192_x1_x29,1
x574_x475_x174,1
x55_x574_x475,1
x18_x19_x102,1
x208_x73_x124,1
x280_x21_x22,1
x475_x174_x136,1
x169_x641_x304,1
x95_x169_x641,1
x73_x124_x125,1
x208_x73_x74,1
x13_x45_x260,1
x292_x384_x275,1
x9_x11_x42,1
x254_x329_x186,1
x260_x338_x292,1
x45_x260_x338,2
x338_x292_x384,1
x94_x315_x154,1
x506_x340_x142,1
x161_x114_x54,1
x191_x410_x506,1
x410_x506_x340,1
x141_x7_x8,1
x121_x191_x410,1
x183_x17_x191,1
x197_x169_x76,1
x302_x34_x170,1
x203_x197_x169,1
x208_x203_x197,1
x98_x140_x198,1
x104_x98_x140,1
x302_x78_x302,1
x347_x348_x400,1
x125_x15_x118,1
x400_x125_x23,1
x118_x397_x347,1
x15_x118_x397,1
x397_x347_x348,1
x25_x407_x116,1
x348_x400_x125,1
x323_x59_x97,1
x303_x304_x174,1
x32_x11_x303,1
x163_x75_x76,1
x174_x29_x26,1
x125_x183_x17,1
x101_x137_x27,1
x13_x19_x102,1
x250_x125_x183,1
x168_x186_x192,1
x32_x35_x228,1
x49_x5_x33,1
x33_x168_x186,1
x8_x137_x332,1
x50_x335_x440,1
x75_x244_x43,1
x244_x43_x49,2
x186_x32_x35,1
x216_x49_x95,1
x168_x75_x244,1
x275_x10_x35,1
x52_x73_x72,1
x32_x10_x105,1
x72_x73_x124,1
x153_x154_x163,1
x181_x198_x124,1
x73_x72_x73,1
x161_x140_x142,1
x186_x153_x208,1
x153_x208_x181,1
x31_x161_x140,1
x208_x181_x198,1
x154_x163_x186,1
x186_x153_x154,1
x64_x102_x39,1
x96_x122_x411,1
x81_x28_x429,1
x95_x96_x122,1
x60_x64_x102,1
x191_x176_x163,1
x60_x61_x62,1
x114_x25_x84,1
x429_x116_x141,1
x19_x69_x70,1
x69_x70_x79,1
x79_x167_x11,1
x28_x429_x116,1
x122_x411_x361,1
x61_x62_x80,1
x192_x3_x61,1
x52_x181_x199,1
x16_x52_x181,1
x61_x193_x194,2
x181_x199_x199,1
x60_x61_x193,1
x26_x138_x197,1
x199_x200_x194,1
x3_x64_x554,1
x64_x554_x304,1
x138_x197_x154,1
x199_x199_x200,1
x18_x30_x123,1
x174_x98_x140,1
x183_x301_x302,1
x200_x194_x174,1
x39_x199_x40,1
x194_x174_x98,1
x60_x64_x106,1
x373_x141_x7,1
x115_x399_x433,1
x139_x114_x115,1
x433_x203_x80,1
x138_x139_x114,1
x114_x115_x399,1
x26_x138_x139,1
x399_x433_x203,1
x82_x95_x96,1
x411_x328_x79,1
x56_x82_x95,1
x3_x61_x193,1
x30_x411_x328,1
x74_x75_x253,1
x328_x79_x167,1
x533_x337_x230,1
x254_x350_x18,1
x37_x16_x176,1
x18_x45_x256,1
x351_x266_x533,1
x350_x18_x7,1
x266_x533_x337,1
x65_x239_x274,1
x240_x351_x266,1
x176_x309_x330,1
x330_x334_x275,1
x42_x240_x351,1
x309_x330_x334,1
x42_x274_x316,1
x274_x316_x15,1
x95_x169_x244,1
x338_x101_x95,1
x309_x588_x316,1
x46_x51_x46,1
x309_x330_x440,1
x588_x316_x15,1
x169_x244_x43,1
x9_x35_x213,1
x330_x440_x329,1
x316_x15_x9,1
x35_x213_x241,1
x260_x338_x101,1
x229_x441_x214,1
x335_x229_x441,1
x227_x270_x441,1
x74_x158_x203,1
x28_x6_x16,1
x102_x100_x25,1
x96_x170_x137,1
x143_x131_x171,1
x131_x171_x87,1
x170_x137_x143,1
